session,r2_no_adapter,r2_with_adapter,recovery,mean_gate,pct_gap_closed
1,0.961155891418457,0.9424630403518677,-0.018692851066589355,0.03190002962946892,-71.13977343356576
2,0.8795631527900696,0.9159106612205505,0.03634750843048096,0.03376278653740883,33.69598191122376
3,0.7868261933326721,0.8881659507751465,0.10133975744247437,0.036889951676130295,50.51683068354048
4,0.6355478167533875,0.756818413734436,0.12127059698104858,0.043202538043260574,34.46320142542591
